name,vat,phone,mobile,email,website,comments
a华为,797897974982734HB,2156589962,15689466892 ,contact1@encootech.com,www.encootech1.com,测试客户数据
a阿里巴巴,797897974982734HC,2156589963,13698961546 ,contact2@encootech.com,www.encootech2.com,测试客户数据
a微软,797897974982734HD,2156589964,15678945698 ,contact3@encootech.com,www.encootech3.com,测试客户数据
a亚马逊,797897974982734HD,2156589964,15678945698 ,contact3@encootech.com,www.encootech3.com,测试客户数据
a测试客户6,797897974982734HD,2156589964,15678945698 ,contact3@encootech.com,www.encootech3.com,测试客户数据
a测试客户7,797897974982734HD,2156589964,15678945698 ,contact3@encootech.com,www.encootech3.com,测试客户数据
a测试客户8,797897974982734HD,2156589964,15678945698 ,contact3@encootech.com,www.encootech3.com,测试客户数据
a测试客户9,797897974982734HD,2156589964,15678945698 ,contact3@encootech.com,www.encootech3.com,测试客户数据
a测试客户10,797897974982734HD,2156589964,15678945698 ,contact3@encootech.com,www.encootech3.com,测试客户数据
a测试客户11,797897974982734HD,2156589964,15678945698 ,contact3@encootech.com,www.encootech3.com,测试客户数据
a测试客户12,797897974982734HD,2156589964,15678945698 ,contact3@encootech.com,www.encootech3.com,测试客户数据
a测试客户13,797897974982734HD,2156589964,15678945698 ,contact3@encootech.com,www.encootech3.com,测试客户数据
a测试客户14,797897974982734HD,2156589964,15678945698 ,contact3@encootech.com,www.encootech3.com,测试客户数据
a测试客户15,797897974982734HD,2156589964,15678945698 ,contact3@encootech.com,www.encootech3.com,测试客户数据
a测试客户16,797897974982734HD,2156589964,15678945698 ,contact3@encootech.com,www.encootech3.com,测试客户数据
a测试客户17,797897974982734HD,2156589964,15678945698 ,contact3@encootech.com,www.encootech3.com,测试客户数据
a测试客户18,797897974982734HD,2156589964,15678945698 ,contact3@encootech.com,www.encootech3.com,测试客户数据
a测试客户19,797897974982734HD,2156589964,15678945698 ,contact3@encootech.com,www.encootech3.com,测试客户数据
a测试客户20,797897974982734HD,2156589964,15678945698 ,contact3@encootech.com,www.encootech3.com,测试客户数据
